{
  "project_info": {
    "project_number": "43508939767",
    "firebase_url": "https://myfirebase-2aa43.firebaseio.com",
    "project_id": "myfirebase-2aa43",
    "storage_bucket": "myfirebase-2aa43.appspot.com"
  },
  "client": [
    {
      "client_info": {
        "mobilesdk_app_id": "1:43508939767:android:3d4c09f6f4629373",
        "android_client_info": {
          "package_name": "com.example.intel.myfirebase"
        }
      },
      "oauth_client": [
        {
          "client_id": "43508939767-qvrrdgt8fqo1sl77pmebf87u89d53728.apps.googleusercontent.com",
          "client_type": 3
        }
      ],
      "api_key": [
        {
          "current_key": "AIzaSyDst1dgUwspW22h39kFDmghWm-BiPPJxwg"
        }
      ],
      "services": {
        "appinvite_service": {
          "other_platform_oauth_client": [
            {
              "client_id": "43508939767-qvrrdgt8fqo1sl77pmebf87u89d53728.apps.googleusercontent.com",
              "client_type": 3
            }
          ]
        }
      }
    },
    {
      "client_info": {
        "mobilesdk_app_id": "1:43508939767:android:ed8a8077b3f96a6a",
        "android_client_info": {
          "package_name": "com.stepintech.driverapp"
        }
      },
      "oauth_client": [
        {
          "client_id": "43508939767-qvrrdgt8fqo1sl77pmebf87u89d53728.apps.googleusercontent.com",
          "client_type": 3
        }
      ],
      "api_key": [
        {
          "current_key": "AIzaSyDst1dgUwspW22h39kFDmghWm-BiPPJxwg"
        }
      ],
      "services": {
        "appinvite_service": {
          "other_platform_oauth_client": [
            {
              "client_id": "43508939767-qvrrdgt8fqo1sl77pmebf87u89d53728.apps.googleusercontent.com",
              "client_type": 3
            }
          ]
        }
      }
    },
    {
      "client_info": {
        "mobilesdk_app_id": "1:43508939767:android:fd73f08324db8846",
        "android_client_info": {
          "package_name": "com.stepintech.driverapp.drivertracking"
        }
      },
      "oauth_client": [
        {
          "client_id": "43508939767-qvrrdgt8fqo1sl77pmebf87u89d53728.apps.googleusercontent.com",
          "client_type": 3
        }
      ],
      "api_key": [
        {
          "current_key": "AIzaSyDst1dgUwspW22h39kFDmghWm-BiPPJxwg"
        }
      ],
      "services": {
        "appinvite_service": {
          "other_platform_oauth_client": [
            {
              "client_id": "43508939767-qvrrdgt8fqo1sl77pmebf87u89d53728.apps.googleusercontent.com",
              "client_type": 3
            }
          ]
        }
      }
    }
  ],
  "configuration_version": "1"
}